BaseCode,BaseName
B02512,Unter
B9001,Simulated_Base_1
B9002,Simulated_Base_2
B9003,Simulated_Base_3
B9004,Simulated_Base_4
B9005,Simulated_Base_5
B9006,Simulated_Base_6
B9007,Simulated_Base_7
B9008,Simulated_Base_8
B9009,Simulated_Base_9
B9010,Simulated_Base_10
B9011,Simulated_Base_11
B9012,Simulated_Base_12
B9013,Simulated_Base_13
B9014,Simulated_Base_14
B9015,Simulated_Base_15
B9016,Simulated_Base_16
B9017,Simulated_Base_17
B9018,Simulated_Base_18
B9019,Simulated_Base_19
B9020,Simulated_Base_20
B9021,Simulated_Base_21
B9022,Simulated_Base_22
B9023,Simulated_Base_23
B9024,Simulated_Base_24
B9025,Simulated_Base_25
B9026,Simulated_Base_26
B9027,Simulated_Base_27
B9028,Simulated_Base_28
B9029,Simulated_Base_29
B9030,Simulated_Base_30
B9031,Simulated_Base_31
B9032,Simulated_Base_32
B9033,Simulated_Base_33
B9034,Simulated_Base_34
B9035,Simulated_Base_35
B9036,Simulated_Base_36
B9037,Simulated_Base_37
B9038,Simulated_Base_38
B9039,Simulated_Base_39
B9040,Simulated_Base_40
B9041,Simulated_Base_41
B9042,Simulated_Base_42
B9043,Simulated_Base_43
B9044,Simulated_Base_44
B9045,Simulated_Base_45
B9046,Simulated_Base_46
B9047,Simulated_Base_47
B9048,Simulated_Base_48
B9049,Simulated_Base_49
B9050,Simulated_Base_50
B9051,Simulated_Base_51
B9052,Simulated_Base_52
B9053,Simulated_Base_53
B9054,Simulated_Base_54
B9055,Simulated_Base_55
B9056,Simulated_Base_56
B9057,Simulated_Base_57
B9058,Simulated_Base_58
B9059,Simulated_Base_59
B9060,Simulated_Base_60
B9061,Simulated_Base_61
B9062,Simulated_Base_62
B9063,Simulated_Base_63
B9064,Simulated_Base_64
B9065,Simulated_Base_65
B9066,Simulated_Base_66
B9067,Simulated_Base_67
B9068,Simulated_Base_68
B9069,Simulated_Base_69
B9070,Simulated_Base_70
B9071,Simulated_Base_71
B9072,Simulated_Base_72
B9073,Simulated_Base_73
B9074,Simulated_Base_74
B9075,Simulated_Base_75
B9076,Simulated_Base_76
B9077,Simulated_Base_77
B9078,Simulated_Base_78
B9079,Simulated_Base_79
B9080,Simulated_Base_80
B9081,Simulated_Base_81
B9082,Simulated_Base_82
B9083,Simulated_Base_83
B9084,Simulated_Base_84
B9085,Simulated_Base_85
B9086,Simulated_Base_86
B9087,Simulated_Base_87
B9088,Simulated_Base_88
B9089,Simulated_Base_89
B9090,Simulated_Base_90
B9091,Simulated_Base_91
B9092,Simulated_Base_92
B9093,Simulated_Base_93
B9094,Simulated_Base_94
B9095,Simulated_Base_95
B9096,Simulated_Base_96
B9097,Simulated_Base_97
B9098,Simulated_Base_98
B9099,Simulated_Base_99
B9100,Simulated_Base_100
B9101,Simulated_Base_101
B9102,Simulated_Base_102
B9103,Simulated_Base_103
B9104,Simulated_Base_104
B9105,Simulated_Base_105
B9106,Simulated_Base_106
B9107,Simulated_Base_107
B9108,Simulated_Base_108
B9109,Simulated_Base_109
