TripID,PickupTime,DropoffTime,FareAmount,VehicleID,ZoneID
1,2014-04-01 00:11:00,2014-04-01 00:38:00,50.28,V-1049,108
2,2014-04-01 00:17:00,2014-04-01 00:40:00,29.67,V-1049,10
3,2014-04-01 00:21:00,2014-04-01 00:55:00,55.04,V-1049,38
4,2014-04-01 00:28:00,2014-04-01 01:11:00,38.64,V-1049,86
5,2014-04-01 00:33:00,2014-04-01 00:43:00,8.14,V-1049,42
6,2014-04-01 00:33:00,2014-04-01 00:45:00,14.02,V-1049,10
7,2014-04-01 00:39:00,2014-04-01 01:02:00,24.47,V-1049,20
8,2014-04-01 00:45:00,2014-04-01 01:17:00,30.28,V-1049,67
9,2014-04-01 00:55:00,2014-04-01 01:01:00,10.2,V-1049,107
10,2014-04-01 01:01:00,2014-04-01 01:40:00,18.29,V-1049,51
11,2014-04-01 01:19:00,2014-04-01 01:26:00,19.8,V-1049,77
12,2014-04-01 01:48:00,2014-04-01 02:14:00,17.52,V-1049,41
13,2014-04-01 01:49:00,2014-04-01 02:25:00,14.82,V-1049,25
14,2014-04-01 02:11:00,2014-04-01 02:34:00,60.04,V-1049,54
15,2014-04-01 02:25:00,2014-04-01 02:33:00,28.52,V-1049,101
16,2014-04-01 02:31:00,2014-04-01 02:43:00,17.48,V-1049,38
17,2014-04-01 02:43:00,2014-04-01 03:14:00,60.07,V-1049,62
18,2014-04-01 03:22:00,2014-04-01 03:34:00,35.47,V-1049,107
19,2014-04-01 03:35:00,2014-04-01 03:45:00,10.76,V-1049,37
20,2014-04-01 03:35:00,2014-04-01 04:13:00,50.42,V-1049,110
21,2014-04-01 03:41:00,2014-04-01 04:13:00,55.06,V-1049,60
22,2014-04-01 04:11:00,2014-04-01 04:32:00,11.3,V-1049,4
23,2014-04-01 04:15:00,2014-04-01 04:49:00,60.72,V-1049,54
24,2014-04-01 04:19:00,2014-04-01 04:36:00,61.95,V-1049,11
25,2014-04-01 04:20:00,2014-04-01 04:41:00,38.65,V-1049,12
26,2014-04-01 04:26:00,2014-04-01 04:59:00,63.79,V-1049,25
27,2014-04-01 04:27:00,2014-04-01 04:48:00,57.55,V-1049,88
28,2014-04-01 04:38:00,2014-04-01 04:57:00,32.49,V-1049,67
29,2014-04-01 04:47:00,2014-04-01 05:09:00,9.02,V-1049,84
30,2014-04-01 04:49:00,2014-04-01 05:02:00,36.21,V-1049,93
31,2014-04-01 05:08:00,2014-04-01 05:22:00,31.49,V-1049,49
32,2014-04-01 05:12:00,2014-04-01 05:23:00,50.85,V-1049,56
33,2014-04-01 05:18:00,2014-04-01 05:54:00,14.61,V-1049,17
34,2014-04-01 05:19:00,2014-04-01 05:42:00,27.33,V-1049,111
35,2014-04-01 05:23:00,2014-04-01 06:07:00,46.82,V-1049,85
36,2014-04-01 05:24:00,2014-04-01 05:54:00,43.45,V-1049,65
37,2014-04-01 05:24:00,2014-04-01 05:32:00,29.58,V-1049,112
38,2014-04-01 05:27:00,2014-04-01 05:50:00,14.75,V-1049,91
39,2014-04-01 05:34:00,2014-04-01 06:07:00,51.72,V-1049,31
40,2014-04-01 05:36:00,2014-04-01 06:00:00,29.9,V-1049,8
41,2014-04-01 05:36:00,2014-04-01 05:47:00,44.94,V-1049,80
42,2014-04-01 05:40:00,2014-04-01 06:01:00,9.34,V-1049,94
43,2014-04-01 05:43:00,2014-04-01 06:23:00,34.42,V-1049,59
44,2014-04-01 05:44:00,2014-04-01 05:51:00,64.7,V-1049,20
45,2014-04-01 05:44:00,2014-04-01 05:54:00,29.02,V-1049,99
46,2014-04-01 05:49:00,2014-04-01 06:16:00,64.02,V-1049,96
47,2014-04-01 05:49:00,2014-04-01 06:27:00,52.78,V-1049,112
48,2014-04-01 05:52:00,2014-04-01 06:20:00,59.93,V-1049,56
49,2014-04-01 05:52:00,2014-04-01 06:35:00,12.08,V-1049,11
50,2014-04-01 05:53:00,2014-04-01 06:07:00,29.0,V-1049,35
51,2014-04-01 05:54:00,2014-04-01 06:38:00,31.17,V-1049,89
52,2014-04-01 05:56:00,2014-04-01 06:30:00,38.02,V-1049,112
53,2014-04-01 05:56:00,2014-04-01 06:03:00,42.05,V-1049,116
54,2014-04-01 05:58:00,2014-04-01 06:26:00,51.13,V-1049,3
55,2014-04-01 06:00:00,2014-04-01 06:14:00,12.6,V-1049,112
56,2014-04-01 06:01:00,2014-04-01 06:41:00,14.98,V-1049,30
57,2014-04-01 06:02:00,2014-04-01 06:46:00,12.59,V-1049,56
58,2014-04-01 06:03:00,2014-04-01 06:13:00,56.43,V-1049,14
59,2014-04-01 06:06:00,2014-04-01 06:28:00,36.71,V-1049,9
60,2014-04-01 06:08:00,2014-04-01 06:28:00,32.03,V-1049,42
61,2014-04-01 06:08:00,2014-04-01 06:42:00,35.67,V-1049,34
62,2014-04-01 06:14:00,2014-04-01 06:48:00,16.39,V-1049,68
63,2014-04-01 06:14:00,2014-04-01 06:49:00,56.99,V-1049,37
64,2014-04-01 06:15:00,2014-04-01 06:49:00,16.15,V-1049,41
65,2014-04-01 06:15:00,2014-04-01 06:31:00,25.91,V-1049,52
66,2014-04-01 06:16:00,2014-04-01 06:46:00,34.6,V-1049,55
67,2014-04-01 06:17:00,2014-04-01 07:00:00,10.45,V-1049,16
68,2014-04-01 06:17:00,2014-04-01 06:24:00,33.21,V-1049,97
69,2014-04-01 06:19:00,2014-04-01 06:44:00,46.4,V-1049,36
70,2014-04-01 06:20:00,2014-04-01 06:45:00,39.96,V-1049,98
71,2014-04-01 06:21:00,2014-04-01 06:49:00,30.42,V-1049,14
72,2014-04-01 06:22:00,2014-04-01 06:40:00,30.05,V-1049,72
73,2014-04-01 06:25:00,2014-04-01 06:44:00,10.49,V-1049,14
74,2014-04-01 06:31:00,2014-04-01 06:44:00,34.9,V-1049,68
75,2014-04-01 06:31:00,2014-04-01 06:53:00,14.23,V-1049,116
76,2014-04-01 06:32:00,2014-04-01 06:46:00,37.9,V-1049,92
77,2014-04-01 06:33:00,2014-04-01 07:14:00,13.89,V-1049,82
78,2014-04-01 06:34:00,2014-04-01 06:39:00,36.8,V-1049,100
79,2014-04-01 06:35:00,2014-04-01 06:44:00,56.34,V-1049,79
80,2014-04-01 06:36:00,2014-04-01 06:57:00,16.76,V-1049,85
81,2014-04-01 06:37:00,2014-04-01 06:46:00,18.46,V-1049,60
82,2014-04-01 06:38:00,2014-04-01 06:56:00,61.46,V-1049,105
83,2014-04-01 06:39:00,2014-04-01 06:50:00,13.61,V-1049,94
84,2014-04-01 06:40:00,2014-04-01 06:54:00,30.2,V-1049,37
85,2014-04-01 06:40:00,2014-04-01 07:01:00,19.37,V-1049,61
86,2014-04-01 06:42:00,2014-04-01 07:16:00,27.03,V-1049,75
87,2014-04-01 06:42:00,2014-04-01 07:03:00,27.22,V-1049,109
88,2014-04-01 06:43:00,2014-04-01 07:20:00,19.14,V-1049,110
89,2014-04-01 06:44:00,2014-04-01 07:24:00,47.73,V-1049,9
90,2014-04-01 06:45:00,2014-04-01 07:02:00,49.98,V-1049,44
91,2014-04-01 06:47:00,2014-04-01 07:15:00,61.8,V-1049,114
92,2014-04-01 06:47:00,2014-04-01 06:59:00,57.92,V-1049,28
93,2014-04-01 06:48:00,2014-04-01 07:30:00,13.12,V-1049,64
94,2014-04-01 06:52:00,2014-04-01 07:28:00,38.37,V-1049,87
95,2014-04-01 06:52:00,2014-04-01 07:27:00,64.72,V-1049,19
96,2014-04-01 06:54:00,2014-04-01 07:00:00,59.6,V-1049,37
97,2014-04-01 06:56:00,2014-04-01 07:15:00,23.63,V-1049,5
98,2014-04-01 06:57:00,2014-04-01 07:05:00,34.98,V-1049,95
99,2014-04-01 06:59:00,2014-04-01 07:24:00,23.47,V-1049,7
100,2014-04-01 07:00:00,2014-04-01 07:14:00,17.97,V-1049,35
101,2014-04-01 07:00:00,2014-04-01 07:21:00,33.29,V-1049,1
102,2014-04-01 07:00:00,2014-04-01 07:35:00,63.07,V-1049,6
103,2014-04-01 07:00:00,2014-04-01 07:44:00,42.03,V-1049,40
104,2014-04-01 07:01:00,2014-04-01 07:25:00,17.97,V-1049,41
105,2014-04-01 07:02:00,2014-04-01 07:08:00,26.54,V-1049,17
106,2014-04-01 07:02:00,2014-04-01 07:25:00,19.14,V-1049,101
107,2014-04-01 07:03:00,2014-04-01 07:16:00,53.23,V-1049,106
108,2014-04-01 07:06:00,2014-04-01 07:12:00,11.91,V-1049,111
109,2014-04-01 07:07:00,2014-04-01 07:30:00,12.71,V-1049,29
110,2014-04-01 07:08:00,2014-04-01 07:26:00,44.32,V-1049,113
111,2014-04-01 07:08:00,2014-04-01 07:46:00,13.17,V-1049,100
112,2014-04-01 07:09:00,2014-04-01 07:52:00,13.82,V-1049,103
113,2014-04-01 07:09:00,2014-04-01 07:47:00,10.62,V-1049,81
114,2014-04-01 07:09:00,2014-04-01 07:28:00,55.37,V-1049,100
115,2014-04-01 07:11:00,2014-04-01 07:31:00,33.77,V-1049,71
116,2014-04-01 07:12:00,2014-04-01 07:22:00,45.73,V-1049,34
117,2014-04-01 07:14:00,2014-04-01 07:45:00,36.86,V-1049,66
118,2014-04-01 07:15:00,2014-04-01 07:31:00,39.66,V-1049,83
119,2014-04-01 07:15:00,2014-04-01 07:40:00,40.92,V-1049,14
120,2014-04-01 07:17:00,2014-04-01 07:35:00,41.12,V-1049,10
121,2014-04-01 07:17:00,2014-04-01 08:02:00,61.71,V-1049,34
122,2014-04-01 07:20:00,2014-04-01 08:01:00,54.72,V-1049,17
123,2014-04-01 07:21:00,2014-04-01 07:55:00,19.42,V-1049,43
124,2014-04-01 07:22:00,2014-04-01 07:34:00,48.34,V-1049,86
125,2014-04-01 07:22:00,2014-04-01 07:42:00,17.34,V-1049,4
126,2014-04-01 07:23:00,2014-04-01 08:06:00,28.62,V-1049,51
127,2014-04-01 07:24:00,2014-04-01 07:30:00,60.04,V-1049,48
128,2014-04-01 07:25:00,2014-04-01 07:49:00,59.5,V-1049,11
129,2014-04-01 07:25:00,2014-04-01 07:33:00,46.01,V-1049,75
130,2014-04-01 07:26:00,2014-04-01 07:54:00,28.18,V-1049,40
131,2014-04-01 07:26:00,2014-04-01 07:38:00,63.04,V-1049,49
132,2014-04-01 07:27:00,2014-04-01 07:55:00,59.72,V-1049,3
133,2014-04-01 07:28:00,2014-04-01 07:33:00,49.74,V-1049,23
134,2014-04-01 07:29:00,2014-04-01 07:59:00,30.43,V-1049,52
135,2014-04-01 07:29:00,2014-04-01 07:44:00,34.83,V-1049,31
136,2014-04-01 07:29:00,2014-04-01 07:41:00,10.77,V-1049,69
137,2014-04-01 07:30:00,2014-04-01 08:03:00,59.06,V-1049,21
138,2014-04-01 07:32:00,2014-04-01 07:41:00,62.66,V-1049,16
139,2014-04-01 07:32:00,2014-04-01 07:38:00,40.63,V-1049,89
140,2014-04-01 07:35:00,2014-04-01 08:10:00,28.28,V-1049,49
141,2014-04-01 07:35:00,2014-04-01 08:17:00,55.0,V-1049,18
142,2014-04-01 07:35:00,2014-04-01 07:52:00,29.07,V-1049,5
143,2014-04-01 07:37:00,2014-04-01 08:16:00,43.11,V-1049,17
144,2014-04-01 07:38:00,2014-04-01 08:20:00,63.4,V-1049,8
145,2014-04-01 07:38:00,2014-04-01 07:48:00,34.26,V-1049,66
146,2014-04-01 07:38:00,2014-04-01 07:53:00,60.7,V-1049,43
147,2014-04-01 07:40:00,2014-04-01 08:05:00,51.43,V-1049,54
148,2014-04-01 07:42:00,2014-04-01 08:11:00,37.21,V-1049,61
149,2014-04-01 07:45:00,2014-04-01 08:23:00,54.63,V-1049,19
150,2014-04-01 07:45:00,2014-04-01 08:04:00,23.65,V-1049,9
151,2014-04-01 07:46:00,2014-04-01 08:23:00,13.07,V-1049,14
152,2014-04-01 07:46:00,2014-04-01 08:04:00,23.26,V-1049,109
153,2014-04-01 07:50:00,2014-04-01 08:16:00,48.94,V-1049,33
154,2014-04-01 07:51:00,2014-04-01 08:10:00,37.78,V-1049,22
155,2014-04-01 07:51:00,2014-04-01 08:18:00,22.98,V-1049,86
156,2014-04-01 07:53:00,2014-04-01 08:37:00,10.13,V-1049,3
157,2014-04-01 07:54:00,2014-04-01 08:17:00,40.91,V-1049,87
158,2014-04-01 07:55:00,2014-04-01 08:37:00,33.53,V-1049,24
159,2014-04-01 07:56:00,2014-04-01 08:40:00,50.05,V-1049,111
160,2014-04-01 07:56:00,2014-04-01 08:30:00,13.18,V-1049,93
161,2014-04-01 07:57:00,2014-04-01 08:28:00,28.96,V-1049,102
162,2014-04-01 07:59:00,2014-04-01 08:11:00,26.11,V-1049,94
163,2014-04-01 08:01:00,2014-04-01 08:27:00,11.02,V-1049,14
164,2014-04-01 08:02:00,2014-04-01 08:19:00,43.14,V-1049,98
165,2014-04-01 08:05:00,2014-04-01 08:44:00,37.07,V-1049,58
166,2014-04-01 08:05:00,2014-04-01 08:23:00,14.1,V-1049,38
167,2014-04-01 08:07:00,2014-04-01 08:44:00,57.64,V-1049,118
168,2014-04-01 08:08:00,2014-04-01 08:46:00,47.56,V-1049,80
169,2014-04-01 08:08:00,2014-04-01 08:35:00,9.57,V-1049,5
170,2014-04-01 08:08:00,2014-04-01 08:21:00,49.87,V-1049,71
171,2014-04-01 08:08:00,2014-04-01 08:17:00,18.16,V-1049,19
172,2014-04-01 08:08:00,2014-04-01 08:26:00,22.12,V-1049,101
173,2014-04-01 08:10:00,2014-04-01 08:35:00,56.19,V-1049,104
174,2014-04-01 08:11:00,2014-04-01 08:51:00,17.06,V-1049,103
175,2014-04-01 08:16:00,2014-04-01 08:31:00,55.98,V-1049,32
176,2014-04-01 08:18:00,2014-04-01 08:37:00,56.65,V-1049,60
177,2014-04-01 08:19:00,2014-04-01 08:39:00,49.2,V-1049,105
178,2014-04-01 08:19:00,2014-04-01 08:39:00,28.72,V-1049,77
179,2014-04-01 08:20:00,2014-04-01 08:59:00,63.99,V-1049,64
180,2014-04-01 08:21:00,2014-04-01 09:06:00,42.23,V-1049,32
181,2014-04-01 08:21:00,2014-04-01 08:43:00,8.56,V-1049,90
182,2014-04-01 08:22:00,2014-04-01 08:31:00,10.16,V-1049,50
183,2014-04-01 08:24:00,2014-04-01 08:39:00,14.17,V-1049,114
184,2014-04-01 08:24:00,2014-04-01 09:05:00,56.44,V-1049,82
185,2014-04-01 08:25:00,2014-04-01 08:44:00,24.93,V-1049,32
186,2014-04-01 08:25:00,2014-04-01 08:31:00,16.76,V-1049,68
187,2014-04-01 08:27:00,2014-04-01 09:05:00,46.14,V-1049,98
188,2014-04-01 08:28:00,2014-04-01 08:37:00,54.84,V-1049,63
189,2014-04-01 08:28:00,2014-04-01 09:00:00,15.86,V-1049,80
190,2014-04-01 08:29:00,2014-04-01 08:37:00,34.5,V-1049,64
191,2014-04-01 08:29:00,2014-04-01 09:02:00,16.44,V-1049,3
192,2014-04-01 08:30:00,2014-04-01 08:48:00,14.43,V-1049,11
193,2014-04-01 08:32:00,2014-04-01 09:07:00,63.16,V-1049,117
194,2014-04-01 08:32:00,2014-04-01 08:45:00,64.12,V-1049,65
195,2014-04-01 08:36:00,2014-04-01 09:00:00,42.71,V-1049,63
196,2014-04-01 08:39:00,2014-04-01 09:15:00,10.35,V-1049,87
197,2014-04-01 08:42:00,2014-04-01 09:15:00,16.37,V-1049,6
198,2014-04-01 08:43:00,2014-04-01 08:52:00,47.97,V-1049,101
199,2014-04-01 08:43:00,2014-04-01 09:22:00,16.2,V-1049,12
200,2014-04-01 08:44:00,2014-04-01 09:28:00,49.53,V-1049,71
201,2014-04-01 08:44:00,2014-04-01 09:04:00,45.81,V-1049,11
202,2014-04-01 08:45:00,2014-04-01 09:00:00,35.43,V-1049,10
203,2014-04-01 08:46:00,2014-04-01 09:15:00,29.64,V-1049,56
204,2014-04-01 08:49:00,2014-04-01 09:32:00,35.21,V-1049,73
205,2014-04-01 08:49:00,2014-04-01 09:06:00,18.68,V-1049,106
206,2014-04-01 08:51:00,2014-04-01 09:08:00,31.49,V-1049,63
207,2014-04-01 08:52:00,2014-04-01 09:22:00,54.97,V-1049,47
208,2014-04-01 08:54:00,2014-04-01 09:12:00,32.85,V-1049,78
209,2014-04-01 08:56:00,2014-04-01 09:32:00,28.13,V-1049,11
210,2014-04-01 08:58:00,2014-04-01 09:13:00,45.08,V-1049,68
211,2014-04-01 08:58:00,2014-04-01 09:19:00,13.73,V-1049,78
212,2014-04-01 08:58:00,2014-04-01 09:09:00,53.18,V-1049,93
213,2014-04-01 09:00:00,2014-04-01 09:10:00,42.2,V-1049,62
214,2014-04-01 09:02:00,2014-04-01 09:28:00,22.44,V-1049,35
215,2014-04-01 09:05:00,2014-04-01 09:38:00,58.64,V-1049,101
216,2014-04-01 09:06:00,2014-04-01 09:36:00,11.58,V-1049,96
217,2014-04-01 09:07:00,2014-04-01 09:31:00,30.77,V-1049,26
218,2014-04-01 09:08:00,2014-04-01 09:14:00,46.19,V-1049,20
219,2014-04-01 09:10:00,2014-04-01 09:24:00,23.35,V-1049,16
220,2014-04-01 09:12:00,2014-04-01 09:47:00,38.98,V-1049,60
221,2014-04-01 09:15:00,2014-04-01 09:49:00,19.69,V-1049,34
222,2014-04-01 09:16:00,2014-04-01 09:57:00,8.31,V-1049,17
223,2014-04-01 09:16:00,2014-04-01 09:23:00,52.31,V-1049,70
224,2014-04-01 09:23:00,2014-04-01 09:36:00,34.14,V-1049,78
225,2014-04-01 09:24:00,2014-04-01 09:38:00,35.82,V-1049,36
226,2014-04-01 09:24:00,2014-04-01 09:50:00,60.34,V-1049,44
227,2014-04-01 09:25:00,2014-04-01 09:57:00,12.55,V-1049,46
228,2014-04-01 09:25:00,2014-04-01 10:06:00,36.47,V-1049,45
229,2014-04-01 09:28:00,2014-04-01 09:45:00,32.06,V-1049,56
230,2014-04-01 09:30:00,2014-04-01 09:50:00,21.45,V-1049,66
231,2014-04-01 09:32:00,2014-04-01 10:00:00,57.01,V-1049,67
232,2014-04-01 09:35:00,2014-04-01 09:56:00,46.88,V-1049,109
233,2014-04-01 09:38:00,2014-04-01 09:43:00,52.15,V-1049,10
234,2014-04-01 09:42:00,2014-04-01 10:10:00,60.33,V-1049,109
235,2014-04-01 09:46:00,2014-04-01 10:02:00,47.44,V-1049,85
236,2014-04-01 09:46:00,2014-04-01 09:56:00,29.5,V-1049,117
237,2014-04-01 09:48:00,2014-04-01 10:10:00,13.54,V-1049,71
238,2014-04-01 09:49:00,2014-04-01 09:56:00,49.27,V-1049,43
239,2014-04-01 09:49:00,2014-04-01 10:22:00,25.13,V-1049,48
240,2014-04-01 09:52:00,2014-04-01 10:37:00,13.15,V-1049,70
241,2014-04-01 09:52:00,2014-04-01 10:26:00,58.59,V-1049,49
242,2014-04-01 09:54:00,2014-04-01 10:10:00,20.77,V-1049,69
243,2014-04-01 09:54:00,2014-04-01 10:28:00,47.44,V-1049,25
244,2014-04-01 09:55:00,2014-04-01 10:05:00,54.18,V-1049,44
245,2014-04-01 09:58:00,2014-04-01 10:11:00,51.11,V-1049,101
246,2014-04-01 09:58:00,2014-04-01 10:22:00,28.46,V-1049,109
247,2014-04-01 09:58:00,2014-04-01 10:37:00,19.75,V-1049,98
248,2014-04-01 10:01:00,2014-04-01 10:28:00,58.67,V-1049,12
249,2014-04-01 10:01:00,2014-04-01 10:39:00,53.78,V-1049,64
250,2014-04-01 10:04:00,2014-04-01 10:25:00,19.17,V-1049,11
251,2014-04-01 10:05:00,2014-04-01 10:23:00,32.0,V-1049,72
252,2014-04-01 10:06:00,2014-04-01 10:18:00,25.81,V-1049,74
253,2014-04-01 10:07:00,2014-04-01 10:43:00,50.52,V-1049,51
254,2014-04-01 10:15:00,2014-04-01 10:59:00,26.5,V-1049,103
255,2014-04-01 10:15:00,2014-04-01 10:59:00,41.44,V-1049,73
256,2014-04-01 10:15:00,2014-04-01 10:27:00,44.06,V-1049,81
257,2014-04-01 10:18:00,2014-04-01 11:00:00,36.05,V-1049,7
258,2014-04-01 10:18:00,2014-04-01 10:44:00,63.69,V-1049,113
259,2014-04-01 10:22:00,2014-04-01 10:37:00,59.48,V-1049,84
260,2014-04-01 10:22:00,2014-04-01 10:27:00,64.94,V-1049,44
261,2014-04-01 10:23:00,2014-04-01 10:55:00,20.85,V-1049,111
262,2014-04-01 10:27:00,2014-04-01 11:08:00,64.51,V-1049,94
263,2014-04-01 10:27:00,2014-04-01 10:58:00,40.24,V-1049,42
264,2014-04-01 10:29:00,2014-04-01 10:47:00,58.07,V-1049,76
265,2014-04-01 10:32:00,2014-04-01 10:50:00,59.65,V-1049,106
266,2014-04-01 10:32:00,2014-04-01 10:46:00,24.56,V-1049,69
267,2014-04-01 10:32:00,2014-04-01 11:10:00,12.76,V-1049,90
268,2014-04-01 10:33:00,2014-04-01 11:15:00,23.85,V-1049,82
269,2014-04-01 10:33:00,2014-04-01 10:46:00,15.37,V-1049,53
270,2014-04-01 10:34:00,2014-04-01 11:10:00,43.62,V-1049,96
271,2014-04-01 10:34:00,2014-04-01 11:10:00,41.52,V-1049,83
272,2014-04-01 10:34:00,2014-04-01 10:44:00,63.34,V-1049,56
273,2014-04-01 10:34:00,2014-04-01 11:18:00,46.9,V-1049,48
274,2014-04-01 10:36:00,2014-04-01 10:50:00,55.79,V-1049,72
275,2014-04-01 10:37:00,2014-04-01 10:45:00,17.58,V-1049,24
276,2014-04-01 10:37:00,2014-04-01 11:10:00,53.85,V-1049,89
277,2014-04-01 10:41:00,2014-04-01 11:02:00,18.41,V-1049,40
278,2014-04-01 10:43:00,2014-04-01 11:28:00,50.75,V-1049,85
279,2014-04-01 10:44:00,2014-04-01 10:58:00,21.03,V-1049,84
280,2014-04-01 10:44:00,2014-04-01 11:07:00,20.77,V-1049,115
281,2014-04-01 10:46:00,2014-04-01 11:29:00,52.22,V-1049,60
282,2014-04-01 10:46:00,2014-04-01 11:08:00,45.79,V-1049,4
283,2014-04-01 10:48:00,2014-04-01 11:19:00,8.05,V-1049,78
284,2014-04-01 10:53:00,2014-04-01 11:10:00,18.76,V-1049,77
285,2014-04-01 10:54:00,2014-04-01 11:13:00,62.47,V-1049,112
286,2014-04-01 10:55:00,2014-04-01 11:17:00,19.42,V-1049,72
287,2014-04-01 10:58:00,2014-04-01 11:30:00,24.51,V-1049,50
288,2014-04-01 10:59:00,2014-04-01 11:34:00,50.02,V-1049,99
289,2014-04-01 10:59:00,2014-04-01 11:13:00,55.21,V-1049,54
290,2014-04-01 11:01:00,2014-04-01 11:45:00,57.9,V-1049,84
291,2014-04-01 11:01:00,2014-04-01 11:42:00,58.28,V-1049,11
292,2014-04-01 11:01:00,2014-04-01 11:07:00,39.71,V-1049,99
293,2014-04-01 11:02:00,2014-04-01 11:28:00,33.89,V-1049,91
294,2014-04-01 11:02:00,2014-04-01 11:30:00,17.03,V-1049,23
295,2014-04-01 11:02:00,2014-04-01 11:43:00,35.89,V-1049,87
296,2014-04-01 11:03:00,2014-04-01 11:44:00,44.56,V-1049,81
297,2014-04-01 11:04:00,2014-04-01 11:24:00,63.64,V-1049,110
298,2014-04-01 11:05:00,2014-04-01 11:32:00,13.82,V-1049,10
299,2014-04-01 11:06:00,2014-04-01 11:41:00,20.53,V-1049,61
300,2014-04-01 11:06:00,2014-04-01 11:38:00,10.48,V-1049,100
301,2014-04-01 11:06:00,2014-04-01 11:41:00,51.21,V-1049,76
302,2014-04-01 11:09:00,2014-04-01 11:31:00,55.5,V-1049,58
303,2014-04-01 11:11:00,2014-04-01 11:43:00,8.26,V-1049,97
304,2014-04-01 11:12:00,2014-04-01 11:28:00,16.64,V-1049,40
305,2014-04-01 11:13:00,2014-04-01 11:50:00,8.54,V-1049,54
306,2014-04-01 11:14:00,2014-04-01 11:34:00,64.62,V-1049,35
307,2014-04-01 11:15:00,2014-04-01 11:31:00,38.36,V-1049,78
308,2014-04-01 11:16:00,2014-04-01 11:42:00,27.59,V-1049,85
309,2014-04-01 11:16:00,2014-04-01 11:54:00,9.15,V-1049,59
310,2014-04-01 11:17:00,2014-04-01 11:43:00,22.47,V-1049,118
311,2014-04-01 11:17:00,2014-04-01 11:46:00,9.42,V-1049,114
312,2014-04-01 11:17:00,2014-04-01 11:30:00,28.69,V-1049,89
313,2014-04-01 11:18:00,2014-04-01 11:40:00,17.32,V-1049,106
314,2014-04-01 11:20:00,2014-04-01 11:25:00,54.8,V-1049,101
315,2014-04-01 11:21:00,2014-04-01 11:44:00,49.05,V-1049,64
316,2014-04-01 11:22:00,2014-04-01 11:58:00,41.58,V-1049,27
317,2014-04-01 11:22:00,2014-04-01 11:34:00,19.46,V-1049,17
318,2014-04-01 11:24:00,2014-04-01 11:54:00,50.0,V-1049,58
319,2014-04-01 11:25:00,2014-04-01 11:39:00,22.27,V-1049,63
320,2014-04-01 11:28:00,2014-04-01 11:41:00,24.23,V-1049,38
321,2014-04-01 11:33:00,2014-04-01 12:18:00,20.87,V-1049,99
322,2014-04-01 11:33:00,2014-04-01 12:17:00,17.19,V-1049,109
323,2014-04-01 11:34:00,2014-04-01 12:07:00,55.86,V-1049,47
324,2014-04-01 11:34:00,2014-04-01 12:00:00,13.07,V-1049,28
325,2014-04-01 11:35:00,2014-04-01 12:01:00,39.96,V-1049,112
326,2014-04-01 11:37:00,2014-04-01 12:02:00,41.23,V-1049,30
327,2014-04-01 11:39:00,2014-04-01 11:50:00,9.47,V-1049,25
328,2014-04-01 11:40:00,2014-04-01 12:17:00,48.14,V-1049,91
329,2014-04-01 11:41:00,2014-04-01 11:48:00,12.29,V-1049,118
330,2014-04-01 11:41:00,2014-04-01 12:06:00,54.1,V-1049,78
331,2014-04-01 11:42:00,2014-04-01 11:51:00,28.43,V-1049,103
332,2014-04-01 11:43:00,2014-04-01 12:01:00,45.32,V-1049,10
333,2014-04-01 11:44:00,2014-04-01 12:20:00,38.43,V-1049,13
334,2014-04-01 11:45:00,2014-04-01 12:26:00,16.64,V-1049,4
335,2014-04-01 11:45:00,2014-04-01 12:18:00,53.44,V-1049,5
336,2014-04-01 11:47:00,2014-04-01 12:19:00,45.11,V-1049,1
337,2014-04-01 11:47:00,2014-04-01 12:17:00,18.62,V-1049,20
338,2014-04-01 11:47:00,2014-04-01 12:25:00,22.44,V-1049,40
339,2014-04-01 11:48:00,2014-04-01 12:11:00,42.48,V-1049,53
340,2014-04-01 11:50:00,2014-04-01 12:28:00,8.32,V-1049,63
341,2014-04-01 11:53:00,2014-04-01 12:09:00,59.1,V-1049,110
342,2014-04-01 11:54:00,2014-04-01 12:28:00,34.23,V-1049,46
343,2014-04-01 11:59:00,2014-04-01 12:14:00,13.2,V-1049,108
344,2014-04-01 11:59:00,2014-04-01 12:15:00,16.09,V-1049,45
345,2014-04-01 12:02:00,2014-04-01 12:34:00,51.74,V-1049,70
346,2014-04-01 12:02:00,2014-04-01 12:23:00,44.77,V-1049,57
347,2014-04-01 12:04:00,2014-04-01 12:48:00,13.5,V-1049,2
348,2014-04-01 12:07:00,2014-04-01 12:37:00,19.52,V-1049,51
349,2014-04-01 12:10:00,2014-04-01 12:32:00,53.53,V-1049,62
350,2014-04-01 12:10:00,2014-04-01 12:31:00,11.07,V-1049,29
351,2014-04-01 12:13:00,2014-04-01 12:39:00,28.0,V-1049,6
352,2014-04-01 12:14:00,2014-04-01 12:19:00,8.42,V-1049,68
353,2014-04-01 12:15:00,2014-04-01 12:53:00,40.03,V-1049,110
354,2014-04-01 12:16:00,2014-04-01 12:52:00,48.42,V-1049,109
355,2014-04-01 12:17:00,2014-04-01 12:40:00,37.6,V-1049,44
356,2014-04-01 12:19:00,2014-04-01 12:47:00,63.37,V-1049,51
357,2014-04-01 12:19:00,2014-04-01 12:24:00,11.62,V-1049,19
358,2014-04-01 12:19:00,2014-04-01 12:39:00,57.04,V-1049,36
359,2014-04-01 12:20:00,2014-04-01 12:35:00,39.3,V-1049,101
360,2014-04-01 12:20:00,2014-04-01 12:45:00,41.49,V-1049,56
361,2014-04-01 12:20:00,2014-04-01 12:58:00,62.45,V-1049,5
362,2014-04-01 12:24:00,2014-04-01 12:48:00,24.31,V-1049,31
363,2014-04-01 12:26:00,2014-04-01 13:09:00,8.4,V-1049,83
364,2014-04-01 12:26:00,2014-04-01 13:05:00,29.99,V-1049,77
365,2014-04-01 12:27:00,2014-04-01 12:56:00,61.95,V-1049,100
366,2014-04-01 12:29:00,2014-04-01 12:40:00,25.09,V-1049,24
367,2014-04-01 12:29:00,2014-04-01 12:39:00,21.26,V-1049,44
368,2014-04-01 12:29:00,2014-04-01 12:53:00,13.4,V-1049,16
369,2014-04-01 12:30:00,2014-04-01 13:10:00,38.45,V-1049,13
370,2014-04-01 12:31:00,2014-04-01 12:42:00,46.52,V-1049,41
371,2014-04-01 12:31:00,2014-04-01 13:06:00,63.16,V-1049,20
372,2014-04-01 12:32:00,2014-04-01 13:12:00,12.06,V-1049,59
373,2014-04-01 12:32:00,2014-04-01 12:49:00,44.7,V-1049,106
374,2014-04-01 12:33:00,2014-04-01 13:00:00,45.94,V-1049,14
375,2014-04-01 12:42:00,2014-04-01 13:04:00,55.4,V-1049,55
376,2014-04-01 12:44:00,2014-04-01 13:15:00,9.34,V-1049,48
377,2014-04-01 12:44:00,2014-04-01 13:29:00,23.86,V-1049,32
378,2014-04-01 12:47:00,2014-04-01 13:04:00,61.59,V-1049,7
379,2014-04-01 12:50:00,2014-04-01 13:03:00,9.39,V-1049,78
380,2014-04-01 12:50:00,2014-04-01 13:35:00,8.23,V-1049,56
381,2014-04-01 12:51:00,2014-04-01 13:15:00,27.92,V-1049,43
382,2014-04-01 12:51:00,2014-04-01 13:00:00,38.66,V-1049,73
383,2014-04-01 12:51:00,2014-04-01 13:08:00,49.5,V-1049,22
384,2014-04-01 12:51:00,2014-04-01 13:02:00,8.56,V-1049,48
385,2014-04-01 12:52:00,2014-04-01 13:01:00,30.3,V-1049,102
386,2014-04-01 12:53:00,2014-04-01 13:18:00,46.28,V-1049,45
387,2014-04-01 12:54:00,2014-04-01 13:16:00,25.14,V-1049,5
388,2014-04-01 12:57:00,2014-04-01 13:13:00,39.96,V-1049,49
389,2014-04-01 12:57:00,2014-04-01 13:02:00,40.09,V-1049,78
390,2014-04-01 12:57:00,2014-04-01 13:07:00,42.3,V-1049,80
391,2014-04-01 12:58:00,2014-04-01 13:21:00,23.74,V-1049,74
392,2014-04-01 12:58:00,2014-04-01 13:04:00,55.43,V-1049,43
393,2014-04-01 12:59:00,2014-04-01 13:19:00,23.19,V-1049,46
394,2014-04-01 13:01:00,2014-04-01 13:11:00,13.56,V-1049,88
395,2014-04-01 13:01:00,2014-04-01 13:09:00,15.64,V-1049,34
396,2014-04-01 13:01:00,2014-04-01 13:18:00,38.3,V-1049,80
397,2014-04-01 13:03:00,2014-04-01 13:15:00,63.7,V-1049,113
398,2014-04-01 13:07:00,2014-04-01 13:29:00,60.54,V-1049,18
399,2014-04-01 13:07:00,2014-04-01 13:12:00,32.86,V-1049,111
400,2014-04-01 13:07:00,2014-04-01 13:32:00,55.39,V-1049,29
401,2014-04-01 13:08:00,2014-04-01 13:33:00,57.82,V-1049,84
402,2014-04-01 13:08:00,2014-04-01 13:44:00,48.89,V-1049,95
403,2014-04-01 13:09:00,2014-04-01 13:20:00,21.35,V-1049,86
404,2014-04-01 13:09:00,2014-04-01 13:49:00,37.92,V-1049,112
405,2014-04-01 13:10:00,2014-04-01 13:36:00,44.56,V-1049,109
406,2014-04-01 13:15:00,2014-04-01 13:25:00,41.83,V-1049,3
407,2014-04-01 13:16:00,2014-04-01 13:34:00,10.2,V-1049,51
408,2014-04-01 13:17:00,2014-04-01 13:33:00,41.66,V-1049,28
409,2014-04-01 13:17:00,2014-04-01 13:37:00,16.54,V-1049,94
410,2014-04-01 13:18:00,2014-04-01 14:00:00,40.2,V-1049,36
411,2014-04-01 13:20:00,2014-04-01 13:33:00,57.52,V-1049,18
412,2014-04-01 13:22:00,2014-04-01 13:38:00,58.05,V-1049,84
413,2014-04-01 13:22:00,2014-04-01 13:41:00,60.83,V-1049,102
414,2014-04-01 13:23:00,2014-04-01 14:02:00,30.98,V-1049,74
415,2014-04-01 13:24:00,2014-04-01 13:46:00,51.19,V-1049,50
416,2014-04-01 13:26:00,2014-04-01 14:03:00,59.87,V-1049,33
417,2014-04-01 13:26:00,2014-04-01 13:36:00,9.79,V-1049,24
418,2014-04-01 13:27:00,2014-04-01 14:12:00,56.35,V-1049,69
419,2014-04-01 13:30:00,2014-04-01 14:04:00,57.77,V-1049,39
420,2014-04-01 13:30:00,2014-04-01 13:43:00,32.99,V-1049,113
421,2014-04-01 13:33:00,2014-04-01 14:02:00,20.09,V-1049,117
422,2014-04-01 13:34:00,2014-04-01 13:48:00,39.17,V-1049,112
423,2014-04-01 13:34:00,2014-04-01 13:51:00,20.77,V-1049,103
424,2014-04-01 13:35:00,2014-04-01 14:05:00,43.76,V-1049,73
425,2014-04-01 13:35:00,2014-04-01 13:47:00,38.68,V-1049,31
426,2014-04-01 13:39:00,2014-04-01 14:09:00,64.16,V-1049,35
427,2014-04-01 13:40:00,2014-04-01 14:13:00,50.41,V-1049,14
428,2014-04-01 13:40:00,2014-04-01 13:59:00,16.64,V-1049,112
429,2014-04-01 13:40:00,2014-04-01 14:10:00,26.43,V-1049,19
430,2014-04-01 13:41:00,2014-04-01 14:21:00,63.24,V-1049,116
431,2014-04-01 13:42:00,2014-04-01 14:20:00,32.54,V-1049,109
432,2014-04-01 13:44:00,2014-04-01 14:02:00,19.96,V-1049,27
433,2014-04-01 13:45:00,2014-04-01 14:03:00,37.59,V-1049,20
434,2014-04-01 13:47:00,2014-04-01 14:18:00,30.6,V-1049,74
435,2014-04-01 13:49:00,2014-04-01 14:13:00,32.59,V-1049,47
436,2014-04-01 13:49:00,2014-04-01 13:54:00,32.27,V-1049,15
437,2014-04-01 13:51:00,2014-04-01 14:27:00,20.63,V-1049,65
438,2014-04-01 13:51:00,2014-04-01 14:05:00,16.41,V-1049,26
439,2014-04-01 13:53:00,2014-04-01 14:15:00,21.98,V-1049,60
440,2014-04-01 13:55:00,2014-04-01 14:24:00,50.59,V-1049,115
441,2014-04-01 13:56:00,2014-04-01 14:38:00,35.12,V-1049,29
442,2014-04-01 13:56:00,2014-04-01 14:28:00,36.33,V-1049,14
443,2014-04-01 13:56:00,2014-04-01 14:37:00,30.08,V-1049,32
444,2014-04-01 13:57:00,2014-04-01 14:04:00,8.55,V-1049,49
445,2014-04-01 13:57:00,2014-04-01 14:08:00,10.19,V-1049,67
446,2014-04-01 13:59:00,2014-04-01 14:09:00,64.65,V-1049,79
447,2014-04-01 14:00:00,2014-04-01 14:26:00,55.34,V-1049,56
448,2014-04-01 14:01:00,2014-04-01 14:32:00,55.87,V-1049,48
449,2014-04-01 14:02:00,2014-04-01 14:42:00,50.4,V-1049,109
450,2014-04-01 14:03:00,2014-04-01 14:11:00,61.94,V-1049,113
451,2014-04-01 14:03:00,2014-04-01 14:09:00,15.11,V-1049,29
452,2014-04-01 14:04:00,2014-04-01 14:39:00,53.43,V-1049,73
453,2014-04-01 14:05:00,2014-04-01 14:10:00,49.23,V-1049,7
454,2014-04-01 14:06:00,2014-04-01 14:48:00,24.44,V-1049,25
455,2014-04-01 14:08:00,2014-04-01 14:25:00,30.87,V-1049,73
456,2014-04-01 14:11:00,2014-04-01 14:17:00,16.04,V-1049,112
457,2014-04-01 14:14:00,2014-04-01 14:31:00,50.8,V-1049,102
458,2014-04-01 14:15:00,2014-04-01 15:00:00,13.26,V-1049,86
459,2014-04-01 14:15:00,2014-04-01 14:29:00,19.12,V-1049,55
460,2014-04-01 14:16:00,2014-04-01 14:28:00,43.48,V-1049,32
461,2014-04-01 14:16:00,2014-04-01 14:41:00,45.28,V-1049,63
462,2014-04-01 14:17:00,2014-04-01 15:01:00,25.02,V-1049,35
463,2014-04-01 14:17:00,2014-04-01 14:42:00,64.25,V-1049,36
464,2014-04-01 14:18:00,2014-04-01 14:25:00,47.95,V-1049,106
465,2014-04-01 14:20:00,2014-04-01 14:51:00,37.47,V-1049,57
466,2014-04-01 14:21:00,2014-04-01 14:46:00,41.95,V-1049,13
467,2014-04-01 14:21:00,2014-04-01 15:02:00,33.5,V-1049,87
468,2014-04-01 14:21:00,2014-04-01 14:41:00,37.94,V-1049,40
469,2014-04-01 14:23:00,2014-04-01 14:46:00,44.29,V-1049,13
470,2014-04-01 14:23:00,2014-04-01 14:53:00,41.9,V-1049,11
471,2014-04-01 14:23:00,2014-04-01 14:42:00,10.45,V-1049,87
472,2014-04-01 14:26:00,2014-04-01 14:38:00,14.29,V-1049,75
473,2014-04-01 14:27:00,2014-04-01 15:08:00,54.47,V-1049,55
474,2014-04-01 14:27:00,2014-04-01 14:57:00,21.05,V-1049,101
475,2014-04-01 14:28:00,2014-04-01 14:51:00,14.77,V-1049,11
476,2014-04-01 14:29:00,2014-04-01 14:52:00,18.15,V-1049,60
477,2014-04-01 14:32:00,2014-04-01 14:53:00,40.98,V-1049,8
478,2014-04-01 14:32:00,2014-04-01 15:05:00,25.04,V-1049,60
479,2014-04-01 14:36:00,2014-04-01 15:09:00,54.13,V-1049,26
480,2014-04-01 14:37:00,2014-04-01 14:44:00,21.79,V-1049,84
481,2014-04-01 14:38:00,2014-04-01 15:10:00,64.46,V-1049,86
482,2014-04-01 14:39:00,2014-04-01 14:48:00,30.94,V-1049,68
483,2014-04-01 14:40:00,2014-04-01 14:49:00,28.25,V-1049,55
484,2014-04-01 14:40:00,2014-04-01 14:47:00,34.64,V-1049,66
485,2014-04-01 14:41:00,2014-04-01 15:25:00,48.99,V-1049,102
486,2014-04-01 14:42:00,2014-04-01 15:11:00,57.16,V-1049,109
487,2014-04-01 14:43:00,2014-04-01 15:08:00,17.55,V-1049,60
488,2014-04-01 14:43:00,2014-04-01 14:55:00,30.95,V-1049,118
489,2014-04-01 14:45:00,2014-04-01 15:29:00,34.64,V-1049,27
490,2014-04-01 14:45:00,2014-04-01 14:52:00,61.68,V-1049,33
491,2014-04-01 14:51:00,2014-04-01 15:00:00,25.48,V-1049,88
492,2014-04-01 14:53:00,2014-04-01 15:13:00,45.45,V-1049,6
493,2014-04-01 14:55:00,2014-04-01 15:12:00,22.48,V-1049,22
494,2014-04-01 14:55:00,2014-04-01 15:39:00,9.74,V-1049,17
495,2014-04-01 14:57:00,2014-04-01 15:41:00,60.05,V-1049,67
496,2014-04-01 14:57:00,2014-04-01 15:28:00,58.78,V-1049,97
497,2014-04-01 14:57:00,2014-04-01 15:10:00,20.48,V-1049,6
498,2014-04-01 15:00:00,2014-04-01 15:41:00,35.09,V-1049,54
499,2014-04-01 15:02:00,2014-04-01 15:09:00,52.89,V-1049,14
500,2014-04-01 15:03:00,2014-04-01 15:38:00,59.26,V-1049,66
501,2014-04-01 15:04:00,2014-04-01 15:12:00,52.46,V-1049,14
502,2014-04-01 15:07:00,2014-04-01 15:51:00,29.88,V-1049,35
503,2014-04-01 15:08:00,2014-04-01 15:16:00,25.97,V-1049,96
504,2014-04-01 15:08:00,2014-04-01 15:21:00,55.82,V-1049,69
505,2014-04-01 15:08:00,2014-04-01 15:36:00,24.82,V-1049,113
506,2014-04-01 15:09:00,2014-04-01 15:14:00,37.28,V-1049,19
507,2014-04-01 15:09:00,2014-04-01 15:36:00,30.09,V-1049,50
508,2014-04-01 15:10:00,2014-04-01 15:49:00,13.09,V-1049,102
509,2014-04-01 15:11:00,2014-04-01 15:22:00,24.47,V-1049,68
510,2014-04-01 15:11:00,2014-04-01 15:27:00,62.42,V-1049,37
511,2014-04-01 15:14:00,2014-04-01 15:34:00,43.29,V-1049,95
512,2014-04-01 15:14:00,2014-04-01 15:47:00,52.11,V-1049,35
513,2014-04-01 15:14:00,2014-04-01 15:42:00,44.92,V-1049,29
514,2014-04-01 15:18:00,2014-04-01 16:01:00,25.18,V-1049,31
515,2014-04-01 15:19:00,2014-04-01 15:46:00,51.97,V-1049,13
516,2014-04-01 15:19:00,2014-04-01 15:53:00,62.19,V-1049,71
517,2014-04-01 15:19:00,2014-04-01 15:43:00,59.55,V-1049,85
518,2014-04-01 15:20:00,2014-04-01 16:01:00,60.83,V-1049,73
519,2014-04-01 15:21:00,2014-04-01 16:02:00,61.7,V-1049,7
520,2014-04-01 15:24:00,2014-04-01 16:02:00,50.36,V-1049,18
521,2014-04-01 15:24:00,2014-04-01 15:56:00,23.13,V-1049,2
522,2014-04-01 15:24:00,2014-04-01 15:55:00,41.53,V-1049,79
523,2014-04-01 15:24:00,2014-04-01 16:02:00,32.68,V-1049,2
524,2014-04-01 15:24:00,2014-04-01 15:49:00,64.58,V-1049,27
525,2014-04-01 15:25:00,2014-04-01 15:48:00,30.85,V-1049,119
526,2014-04-01 15:25:00,2014-04-01 15:34:00,60.87,V-1049,90
527,2014-04-01 15:26:00,2014-04-01 15:38:00,38.31,V-1049,106
528,2014-04-01 15:27:00,2014-04-01 16:08:00,56.81,V-1049,85
529,2014-04-01 15:31:00,2014-04-01 16:01:00,63.15,V-1049,80
530,2014-04-01 15:32:00,2014-04-01 15:38:00,12.66,V-1049,112
531,2014-04-01 15:35:00,2014-04-01 16:02:00,27.53,V-1049,102
532,2014-04-01 15:35:00,2014-04-01 16:00:00,20.72,V-1049,29
533,2014-04-01 15:35:00,2014-04-01 15:48:00,10.49,V-1049,102
534,2014-04-01 15:37:00,2014-04-01 16:06:00,26.21,V-1049,44
535,2014-04-01 15:39:00,2014-04-01 16:12:00,17.76,V-1049,60
536,2014-04-01 15:39:00,2014-04-01 16:24:00,9.21,V-1049,43
537,2014-04-01 15:40:00,2014-04-01 16:10:00,33.43,V-1049,40
538,2014-04-01 15:41:00,2014-04-01 16:21:00,58.77,V-1049,35
539,2014-04-01 15:41:00,2014-04-01 16:24:00,24.96,V-1049,64
540,2014-04-01 15:44:00,2014-04-01 16:13:00,34.04,V-1049,109
541,2014-04-01 15:45:00,2014-04-01 16:25:00,8.32,V-1049,119
542,2014-04-01 15:45:00,2014-04-01 16:07:00,64.09,V-1049,81
543,2014-04-01 15:46:00,2014-04-01 16:28:00,57.5,V-1049,117
544,2014-04-01 15:48:00,2014-04-01 16:14:00,40.25,V-1049,44
545,2014-04-01 15:48:00,2014-04-01 16:30:00,47.17,V-1049,49
546,2014-04-01 15:49:00,2014-04-01 16:05:00,18.73,V-1049,110
547,2014-04-01 15:51:00,2014-04-01 16:34:00,20.03,V-1049,36
548,2014-04-01 15:52:00,2014-04-01 16:30:00,27.11,V-1049,84
549,2014-04-01 15:53:00,2014-04-01 16:24:00,10.43,V-1049,55
550,2014-04-01 15:54:00,2014-04-01 16:02:00,10.12,V-1049,11
551,2014-04-01 15:55:00,2014-04-01 16:36:00,52.48,V-1049,106
552,2014-04-01 15:55:00,2014-04-01 16:37:00,39.1,V-1049,102
553,2014-04-01 15:56:00,2014-04-01 16:21:00,15.7,V-1049,117
554,2014-04-01 15:56:00,2014-04-01 16:38:00,31.25,V-1049,42
555,2014-04-01 15:56:00,2014-04-01 16:03:00,44.15,V-1049,25
556,2014-04-01 15:58:00,2014-04-01 16:14:00,57.19,V-1049,47
557,2014-04-01 15:59:00,2014-04-01 16:31:00,53.74,V-1049,68
558,2014-04-01 15:59:00,2014-04-01 16:24:00,56.27,V-1049,50
559,2014-04-01 16:01:00,2014-04-01 16:21:00,28.3,V-1049,106
560,2014-04-01 16:03:00,2014-04-01 16:44:00,36.06,V-1049,39
561,2014-04-01 16:04:00,2014-04-01 16:22:00,39.3,V-1049,90
562,2014-04-01 16:04:00,2014-04-01 16:15:00,39.73,V-1049,102
563,2014-04-01 16:04:00,2014-04-01 16:21:00,58.6,V-1049,34
564,2014-04-01 16:06:00,2014-04-01 16:25:00,17.4,V-1049,31
565,2014-04-01 16:06:00,2014-04-01 16:29:00,20.82,V-1049,47
566,2014-04-01 16:06:00,2014-04-01 16:16:00,23.57,V-1049,107
567,2014-04-01 16:07:00,2014-04-01 16:49:00,14.67,V-1049,2
568,2014-04-01 16:08:00,2014-04-01 16:33:00,40.13,V-1049,85
569,2014-04-01 16:10:00,2014-04-01 16:54:00,32.52,V-1049,99
570,2014-04-01 16:10:00,2014-04-01 16:30:00,17.41,V-1049,96
571,2014-04-01 16:11:00,2014-04-01 16:49:00,60.84,V-1049,119
572,2014-04-01 16:11:00,2014-04-01 16:52:00,29.32,V-1049,14
573,2014-04-01 16:12:00,2014-04-01 16:43:00,38.52,V-1049,118
574,2014-04-01 16:14:00,2014-04-01 16:52:00,36.69,V-1049,94
575,2014-04-01 16:14:00,2014-04-01 16:39:00,39.24,V-1049,3
576,2014-04-01 16:15:00,2014-04-01 16:55:00,11.3,V-1049,106
577,2014-04-01 16:18:00,2014-04-01 16:30:00,24.03,V-1049,59
578,2014-04-01 16:19:00,2014-04-01 17:04:00,36.66,V-1049,26
579,2014-04-01 16:21:00,2014-04-01 16:34:00,8.87,V-1049,13
580,2014-04-01 16:21:00,2014-04-01 16:31:00,14.48,V-1049,44
581,2014-04-01 16:21:00,2014-04-01 16:56:00,12.72,V-1049,83
582,2014-04-01 16:21:00,2014-04-01 16:41:00,29.33,V-1049,10
583,2014-04-01 16:21:00,2014-04-01 16:34:00,27.52,V-1049,112
584,2014-04-01 16:21:00,2014-04-01 16:38:00,50.57,V-1049,32
585,2014-04-01 16:21:00,2014-04-01 16:59:00,56.31,V-1049,23
586,2014-04-01 16:22:00,2014-04-01 17:04:00,46.12,V-1049,105
587,2014-04-01 16:23:00,2014-04-01 16:50:00,33.68,V-1049,92
588,2014-04-01 16:24:00,2014-04-01 17:06:00,59.9,V-1049,20
589,2014-04-01 16:25:00,2014-04-01 16:42:00,32.35,V-1049,69
590,2014-04-01 16:26:00,2014-04-01 16:52:00,43.76,V-1049,96
591,2014-04-01 16:26:00,2014-04-01 16:57:00,37.45,V-1049,38
592,2014-04-01 16:27:00,2014-04-01 16:33:00,20.87,V-1049,69
593,2014-04-01 16:28:00,2014-04-01 16:47:00,21.09,V-1049,60
594,2014-04-01 16:29:00,2014-04-01 17:09:00,44.33,V-1049,112
595,2014-04-01 16:29:00,2014-04-01 16:51:00,61.09,V-1049,33
596,2014-04-01 16:29:00,2014-04-01 17:05:00,24.42,V-1049,65
597,2014-04-01 16:29:00,2014-04-01 16:38:00,30.63,V-1049,42
598,2014-04-01 16:30:00,2014-04-01 17:12:00,32.66,V-1049,52
599,2014-04-01 16:30:00,2014-04-01 16:41:00,37.98,V-1049,38
600,2014-04-01 16:32:00,2014-04-01 16:49:00,38.62,V-1049,50
601,2014-04-01 16:32:00,2014-04-01 17:09:00,42.42,V-1049,111
602,2014-04-01 16:32:00,2014-04-01 16:50:00,19.05,V-1049,102
603,2014-04-01 16:32:00,2014-04-01 16:54:00,21.69,V-1049,7
604,2014-04-01 16:33:00,2014-04-01 16:44:00,24.58,V-1049,88
605,2014-04-01 16:33:00,2014-04-01 17:12:00,35.23,V-1049,85
606,2014-04-01 16:33:00,2014-04-01 17:12:00,14.92,V-1049,115
607,2014-04-01 16:37:00,2014-04-01 16:56:00,53.39,V-1049,3
608,2014-04-01 16:38:00,2014-04-01 17:20:00,54.53,V-1049,21
609,2014-04-01 16:38:00,2014-04-01 16:58:00,26.63,V-1049,27
610,2014-04-01 16:39:00,2014-04-01 16:45:00,28.79,V-1049,46
611,2014-04-01 16:40:00,2014-04-01 17:01:00,61.71,V-1049,18
612,2014-04-01 16:41:00,2014-04-01 17:13:00,38.95,V-1049,94
613,2014-04-01 16:41:00,2014-04-01 16:54:00,44.61,V-1049,53
614,2014-04-01 16:43:00,2014-04-01 16:59:00,11.9,V-1049,15
615,2014-04-01 16:45:00,2014-04-01 17:29:00,26.27,V-1049,59
616,2014-04-01 16:47:00,2014-04-01 17:08:00,51.46,V-1049,63
617,2014-04-01 16:47:00,2014-04-01 17:28:00,40.23,V-1049,85
618,2014-04-01 16:47:00,2014-04-01 17:07:00,35.81,V-1049,68
619,2014-04-01 16:47:00,2014-04-01 17:15:00,53.29,V-1049,65
620,2014-04-01 16:47:00,2014-04-01 17:10:00,17.7,V-1049,91
621,2014-04-01 16:48:00,2014-04-01 17:20:00,59.84,V-1049,69
622,2014-04-01 16:49:00,2014-04-01 17:31:00,28.27,V-1049,73
623,2014-04-01 16:50:00,2014-04-01 17:22:00,19.51,V-1049,15
624,2014-04-01 16:52:00,2014-04-01 17:30:00,11.96,V-1049,15
625,2014-04-01 16:52:00,2014-04-01 17:35:00,57.43,V-1049,16
626,2014-04-01 16:54:00,2014-04-01 17:39:00,27.68,V-1049,44
627,2014-04-01 16:54:00,2014-04-01 17:10:00,9.97,V-1049,37
628,2014-04-01 16:55:00,2014-04-01 17:10:00,17.27,V-1049,44
629,2014-04-01 16:56:00,2014-04-01 17:26:00,38.61,V-1049,108
630,2014-04-01 16:56:00,2014-04-01 17:22:00,10.79,V-1049,58
631,2014-04-01 16:57:00,2014-04-01 17:13:00,61.07,V-1049,113
632,2014-04-01 16:58:00,2014-04-01 17:25:00,23.73,V-1049,51
633,2014-04-01 16:59:00,2014-04-01 17:29:00,53.16,V-1049,16
634,2014-04-01 16:59:00,2014-04-01 17:06:00,19.71,V-1049,70
635,2014-04-01 17:00:00,2014-04-01 17:39:00,42.7,V-1049,60
636,2014-04-01 17:00:00,2014-04-01 17:13:00,50.06,V-1049,45
637,2014-04-01 17:02:00,2014-04-01 17:23:00,64.78,V-1049,50
638,2014-04-01 17:02:00,2014-04-01 17:13:00,13.46,V-1049,1
639,2014-04-01 17:02:00,2014-04-01 17:31:00,24.8,V-1049,1
640,2014-04-01 17:03:00,2014-04-01 17:12:00,61.14,V-1049,9
641,2014-04-01 17:04:00,2014-04-01 17:32:00,40.38,V-1049,115
642,2014-04-01 17:04:00,2014-04-01 17:34:00,57.82,V-1049,112
643,2014-04-01 17:04:00,2014-04-01 17:36:00,31.74,V-1049,44
644,2014-04-01 17:04:00,2014-04-01 17:23:00,40.32,V-1049,19
645,2014-04-01 17:06:00,2014-04-01 17:34:00,42.7,V-1049,117
646,2014-04-01 17:07:00,2014-04-01 17:28:00,49.62,V-1049,65
647,2014-04-01 17:07:00,2014-04-01 17:23:00,39.03,V-1049,10
648,2014-04-01 17:07:00,2014-04-01 17:34:00,50.14,V-1049,7
649,2014-04-01 17:08:00,2014-04-01 17:39:00,28.94,V-1049,67
650,2014-04-01 17:08:00,2014-04-01 17:18:00,26.01,V-1049,14
651,2014-04-01 17:08:00,2014-04-01 17:37:00,16.05,V-1049,114
652,2014-04-01 17:09:00,2014-04-01 17:24:00,32.08,V-1049,8
653,2014-04-01 17:09:00,2014-04-01 17:43:00,44.47,V-1049,36
654,2014-04-01 17:10:00,2014-04-01 17:49:00,53.04,V-1049,43
655,2014-04-01 17:10:00,2014-04-01 17:16:00,25.94,V-1049,63
656,2014-04-01 17:11:00,2014-04-01 17:39:00,24.62,V-1049,94
657,2014-04-01 17:12:00,2014-04-01 17:20:00,33.07,V-1049,49
658,2014-04-01 17:12:00,2014-04-01 17:39:00,34.2,V-1049,88
659,2014-04-01 17:13:00,2014-04-01 17:29:00,45.69,V-1049,14
660,2014-04-01 17:14:00,2014-04-01 17:54:00,62.6,V-1049,101
661,2014-04-01 17:15:00,2014-04-01 17:58:00,8.9,V-1049,37
662,2014-04-01 17:16:00,2014-04-01 17:42:00,29.77,V-1049,115
663,2014-04-01 17:16:00,2014-04-01 17:36:00,41.12,V-1049,69
664,2014-04-01 17:17:00,2014-04-01 17:31:00,31.83,V-1049,108
665,2014-04-01 17:17:00,2014-04-01 17:39:00,58.33,V-1049,50
666,2014-04-01 17:18:00,2014-04-01 17:25:00,42.68,V-1049,89
667,2014-04-01 17:19:00,2014-04-01 17:44:00,46.52,V-1049,25
668,2014-04-01 17:19:00,2014-04-01 17:37:00,44.91,V-1049,7
669,2014-04-01 17:19:00,2014-04-01 17:59:00,38.21,V-1049,17
670,2014-04-01 17:19:00,2014-04-01 17:37:00,26.06,V-1049,93
671,2014-04-01 17:19:00,2014-04-01 17:43:00,39.02,V-1049,13
672,2014-04-01 17:20:00,2014-04-01 17:51:00,20.21,V-1049,18
673,2014-04-01 17:21:00,2014-04-01 17:39:00,48.44,V-1049,31
674,2014-04-01 17:21:00,2014-04-01 17:45:00,59.3,V-1049,82
675,2014-04-01 17:22:00,2014-04-01 17:39:00,62.83,V-1049,51
676,2014-04-01 17:25:00,2014-04-01 17:34:00,10.75,V-1049,28
677,2014-04-01 17:25:00,2014-04-01 17:32:00,62.11,V-1049,117
678,2014-04-01 17:26:00,2014-04-01 17:50:00,8.52,V-1049,99
679,2014-04-01 17:27:00,2014-04-01 17:36:00,29.77,V-1049,96
680,2014-04-01 17:27:00,2014-04-01 18:03:00,46.94,V-1049,101
681,2014-04-01 17:31:00,2014-04-01 17:59:00,19.99,V-1049,6
682,2014-04-01 17:32:00,2014-04-01 18:08:00,31.97,V-1049,44
683,2014-04-01 17:32:00,2014-04-01 17:59:00,21.41,V-1049,103
684,2014-04-01 17:32:00,2014-04-01 17:42:00,59.78,V-1049,9
685,2014-04-01 17:33:00,2014-04-01 17:40:00,10.04,V-1049,76
686,2014-04-01 17:34:00,2014-04-01 18:12:00,9.32,V-1049,30
687,2014-04-01 17:35:00,2014-04-01 17:57:00,48.56,V-1049,104
688,2014-04-01 17:36:00,2014-04-01 18:00:00,22.32,V-1049,63
689,2014-04-01 17:37:00,2014-04-01 17:58:00,44.05,V-1049,74
690,2014-04-01 17:39:00,2014-04-01 17:49:00,42.84,V-1049,85
691,2014-04-01 17:40:00,2014-04-01 17:45:00,21.12,V-1049,44
692,2014-04-01 17:41:00,2014-04-01 17:56:00,28.07,V-1049,27
693,2014-04-01 17:41:00,2014-04-01 18:25:00,28.11,V-1049,27
694,2014-04-01 17:42:00,2014-04-01 18:16:00,44.44,V-1049,28
695,2014-04-01 17:42:00,2014-04-01 18:17:00,60.6,V-1049,24
696,2014-04-01 17:45:00,2014-04-01 18:27:00,61.06,V-1049,72
697,2014-04-01 17:46:00,2014-04-01 18:12:00,9.98,V-1049,11
698,2014-04-01 17:46:00,2014-04-01 17:55:00,38.89,V-1049,16
699,2014-04-01 17:46:00,2014-04-01 18:09:00,32.9,V-1049,34
700,2014-04-01 17:46:00,2014-04-01 18:25:00,10.41,V-1049,86
701,2014-04-01 17:48:00,2014-04-01 18:13:00,32.11,V-1049,41
702,2014-04-01 17:48:00,2014-04-01 18:15:00,22.78,V-1049,74
703,2014-04-01 17:50:00,2014-04-01 17:56:00,40.3,V-1049,82
704,2014-04-01 17:50:00,2014-04-01 18:09:00,51.09,V-1049,77
705,2014-04-01 17:50:00,2014-04-01 18:32:00,59.65,V-1049,98
706,2014-04-01 17:52:00,2014-04-01 18:35:00,13.77,V-1049,81
707,2014-04-01 17:52:00,2014-04-01 18:21:00,52.69,V-1049,49
708,2014-04-01 17:52:00,2014-04-01 18:19:00,27.69,V-1049,97
709,2014-04-01 17:53:00,2014-04-01 18:15:00,14.61,V-1049,46
710,2014-04-01 17:54:00,2014-04-01 18:29:00,8.9,V-1049,107
711,2014-04-01 17:54:00,2014-04-01 18:21:00,20.15,V-1049,1
712,2014-04-01 17:54:00,2014-04-01 18:02:00,26.25,V-1049,104
713,2014-04-01 17:56:00,2014-04-01 18:27:00,21.38,V-1049,14
714,2014-04-01 17:58:00,2014-04-01 18:28:00,45.41,V-1049,63
715,2014-04-01 17:58:00,2014-04-01 18:21:00,38.34,V-1049,21
716,2014-04-01 17:59:00,2014-04-01 18:25:00,60.34,V-1049,29
717,2014-04-01 17:59:00,2014-04-01 18:19:00,39.02,V-1049,10
718,2014-04-01 18:00:00,2014-04-01 18:40:00,58.54,V-1049,63
719,2014-04-01 18:01:00,2014-04-01 18:46:00,25.43,V-1049,76
720,2014-04-01 18:02:00,2014-04-01 18:36:00,14.35,V-1049,116
721,2014-04-01 18:02:00,2014-04-01 18:14:00,64.44,V-1049,16
722,2014-04-01 18:03:00,2014-04-01 18:43:00,28.82,V-1049,23
723,2014-04-01 18:03:00,2014-04-01 18:31:00,64.98,V-1049,87
724,2014-04-01 18:03:00,2014-04-01 18:45:00,30.08,V-1049,15
725,2014-04-01 18:05:00,2014-04-01 18:39:00,64.29,V-1049,119
726,2014-04-01 18:05:00,2014-04-01 18:48:00,46.03,V-1049,43
727,2014-04-01 18:05:00,2014-04-01 18:48:00,12.31,V-1049,78
728,2014-04-01 18:07:00,2014-04-01 18:30:00,12.02,V-1049,13
729,2014-04-01 18:08:00,2014-04-01 18:33:00,55.48,V-1049,105
730,2014-04-01 18:10:00,2014-04-01 18:44:00,14.24,V-1049,29
731,2014-04-01 18:13:00,2014-04-01 18:24:00,33.95,V-1049,8
732,2014-04-01 18:13:00,2014-04-01 18:49:00,27.08,V-1049,97
733,2014-04-01 18:14:00,2014-04-01 18:56:00,43.48,V-1049,97
734,2014-04-01 18:14:00,2014-04-01 18:20:00,47.78,V-1049,66
735,2014-04-01 18:16:00,2014-04-01 18:31:00,52.77,V-1049,9
736,2014-04-01 18:17:00,2014-04-01 18:49:00,31.9,V-1049,86
737,2014-04-01 18:17:00,2014-04-01 19:02:00,38.17,V-1049,65
738,2014-04-01 18:18:00,2014-04-01 18:27:00,57.86,V-1049,98
739,2014-04-01 18:19:00,2014-04-01 18:58:00,52.87,V-1049,119
740,2014-04-01 18:20:00,2014-04-01 18:39:00,17.72,V-1049,28
741,2014-04-01 18:20:00,2014-04-01 18:59:00,39.96,V-1049,88
742,2014-04-01 18:20:00,2014-04-01 19:03:00,60.04,V-1049,8
743,2014-04-01 18:21:00,2014-04-01 18:57:00,23.27,V-1049,19
744,2014-04-01 18:21:00,2014-04-01 18:51:00,61.79,V-1049,4
745,2014-04-01 18:21:00,2014-04-01 19:04:00,17.1,V-1049,53
746,2014-04-01 18:25:00,2014-04-01 18:54:00,18.5,V-1049,92
747,2014-04-01 18:25:00,2014-04-01 18:44:00,57.15,V-1049,92
748,2014-04-01 18:26:00,2014-04-01 18:32:00,44.77,V-1049,86
749,2014-04-01 18:27:00,2014-04-01 18:33:00,12.39,V-1049,27
750,2014-04-01 18:31:00,2014-04-01 18:41:00,45.2,V-1049,29
751,2014-04-01 18:31:00,2014-04-01 18:38:00,10.03,V-1049,112
752,2014-04-01 18:31:00,2014-04-01 18:44:00,12.45,V-1049,22
753,2014-04-01 18:31:00,2014-04-01 18:48:00,9.55,V-1049,71
754,2014-04-01 18:31:00,2014-04-01 19:01:00,63.27,V-1049,75
755,2014-04-01 18:32:00,2014-04-01 18:46:00,40.59,V-1049,118
756,2014-04-01 18:33:00,2014-04-01 19:08:00,35.37,V-1049,108
757,2014-04-01 18:33:00,2014-04-01 18:47:00,40.67,V-1049,94
758,2014-04-01 18:34:00,2014-04-01 18:46:00,27.12,V-1049,36
759,2014-04-01 18:35:00,2014-04-01 18:42:00,54.82,V-1049,13
760,2014-04-01 18:36:00,2014-04-01 18:48:00,19.38,V-1049,13
761,2014-04-01 18:36:00,2014-04-01 18:43:00,53.34,V-1049,105
762,2014-04-01 18:37:00,2014-04-01 19:00:00,9.75,V-1049,34
763,2014-04-01 18:38:00,2014-04-01 19:11:00,9.95,V-1049,94
764,2014-04-01 18:42:00,2014-04-01 18:57:00,42.91,V-1049,64
765,2014-04-01 18:43:00,2014-04-01 18:53:00,11.25,V-1049,90
766,2014-04-01 18:43:00,2014-04-01 18:55:00,57.84,V-1049,84
767,2014-04-01 18:44:00,2014-04-01 19:03:00,29.18,V-1049,99
768,2014-04-01 18:44:00,2014-04-01 19:10:00,38.18,V-1049,31
769,2014-04-01 18:45:00,2014-04-01 19:25:00,24.63,V-1049,35
770,2014-04-01 18:45:00,2014-04-01 19:00:00,27.58,V-1049,73
771,2014-04-01 18:47:00,2014-04-01 18:52:00,49.27,V-1049,82
772,2014-04-01 18:47:00,2014-04-01 19:13:00,43.46,V-1049,54
773,2014-04-01 18:47:00,2014-04-01 19:32:00,46.02,V-1049,118
774,2014-04-01 18:48:00,2014-04-01 19:17:00,13.71,V-1049,105
775,2014-04-01 18:49:00,2014-04-01 19:14:00,55.37,V-1049,48
776,2014-04-01 18:50:00,2014-04-01 19:02:00,29.58,V-1049,97
777,2014-04-01 18:51:00,2014-04-01 18:57:00,47.06,V-1049,39
778,2014-04-01 18:51:00,2014-04-01 19:33:00,45.79,V-1049,34
779,2014-04-01 18:54:00,2014-04-01 19:32:00,51.24,V-1049,46
780,2014-04-01 18:56:00,2014-04-01 19:04:00,38.4,V-1049,25
781,2014-04-01 18:56:00,2014-04-01 19:16:00,43.38,V-1049,117
782,2014-04-01 18:57:00,2014-04-01 19:34:00,53.84,V-1049,85
783,2014-04-01 18:57:00,2014-04-01 19:34:00,35.91,V-1049,53
784,2014-04-01 18:58:00,2014-04-01 19:35:00,56.42,V-1049,18
785,2014-04-01 19:00:00,2014-04-01 19:12:00,44.64,V-1049,27
786,2014-04-01 19:01:00,2014-04-01 19:19:00,43.36,V-1049,101
787,2014-04-01 19:02:00,2014-04-01 19:39:00,9.15,V-1049,58
788,2014-04-01 19:02:00,2014-04-01 19:25:00,59.22,V-1049,53
789,2014-04-01 19:04:00,2014-04-01 19:31:00,46.73,V-1049,71
790,2014-04-01 19:05:00,2014-04-01 19:42:00,18.2,V-1049,106
791,2014-04-01 19:05:00,2014-04-01 19:29:00,18.28,V-1049,25
792,2014-04-01 19:05:00,2014-04-01 19:12:00,49.01,V-1049,15
793,2014-04-01 19:05:00,2014-04-01 19:41:00,44.71,V-1049,87
794,2014-04-01 19:06:00,2014-04-01 19:51:00,18.07,V-1049,35
795,2014-04-01 19:06:00,2014-04-01 19:46:00,51.0,V-1049,61
796,2014-04-01 19:06:00,2014-04-01 19:13:00,51.71,V-1049,27
797,2014-04-01 19:09:00,2014-04-01 19:32:00,62.66,V-1049,111
798,2014-04-01 19:09:00,2014-04-01 19:17:00,33.54,V-1049,51
799,2014-04-01 19:11:00,2014-04-01 19:19:00,48.81,V-1049,2
800,2014-04-01 19:11:00,2014-04-01 19:36:00,53.39,V-1049,41
801,2014-04-01 19:11:00,2014-04-01 19:44:00,49.56,V-1049,65
802,2014-04-01 19:13:00,2014-04-01 19:35:00,8.85,V-1049,101
803,2014-04-01 19:13:00,2014-04-01 19:30:00,11.52,V-1049,38
804,2014-04-01 19:13:00,2014-04-01 19:29:00,17.41,V-1049,21
805,2014-04-01 19:13:00,2014-04-01 19:50:00,19.13,V-1049,41
806,2014-04-01 19:14:00,2014-04-01 19:52:00,55.98,V-1049,40
807,2014-04-01 19:15:00,2014-04-01 19:29:00,35.62,V-1049,114
808,2014-04-01 19:15:00,2014-04-01 19:42:00,64.12,V-1049,91
809,2014-04-01 19:15:00,2014-04-01 19:50:00,34.65,V-1049,5
810,2014-04-01 19:16:00,2014-04-01 19:57:00,44.29,V-1049,77
811,2014-04-01 19:17:00,2014-04-01 19:50:00,61.19,V-1049,88
812,2014-04-01 19:18:00,2014-04-01 19:28:00,38.0,V-1049,71
813,2014-04-01 19:21:00,2014-04-01 20:02:00,34.91,V-1049,48
814,2014-04-01 19:22:00,2014-04-01 19:46:00,9.18,V-1049,85
815,2014-04-01 19:22:00,2014-04-01 20:04:00,33.44,V-1049,68
816,2014-04-01 19:23:00,2014-04-01 20:02:00,29.32,V-1049,91
817,2014-04-01 19:23:00,2014-04-01 19:42:00,26.49,V-1049,35
818,2014-04-01 19:24:00,2014-04-01 19:51:00,44.8,V-1049,80
819,2014-04-01 19:27:00,2014-04-01 19:40:00,62.93,V-1049,52
820,2014-04-01 19:28:00,2014-04-01 19:46:00,53.26,V-1049,66
821,2014-04-01 19:28:00,2014-04-01 20:00:00,63.82,V-1049,57
822,2014-04-01 19:29:00,2014-04-01 19:54:00,21.0,V-1049,68
823,2014-04-01 19:31:00,2014-04-01 19:48:00,33.55,V-1049,112
824,2014-04-01 19:32:00,2014-04-01 19:50:00,39.94,V-1049,87
825,2014-04-01 19:33:00,2014-04-01 19:40:00,31.52,V-1049,32
826,2014-04-01 19:34:00,2014-04-01 19:57:00,45.73,V-1049,119
827,2014-04-01 19:34:00,2014-04-01 19:43:00,28.25,V-1049,88
828,2014-04-01 19:35:00,2014-04-01 19:56:00,55.94,V-1049,76
829,2014-04-01 19:37:00,2014-04-01 20:09:00,14.62,V-1049,53
830,2014-04-01 19:38:00,2014-04-01 20:15:00,14.77,V-1049,102
831,2014-04-01 19:41:00,2014-04-01 20:14:00,33.84,V-1049,90
832,2014-04-01 19:41:00,2014-04-01 20:24:00,54.22,V-1049,11
833,2014-04-01 19:43:00,2014-04-01 20:17:00,20.96,V-1049,24
834,2014-04-01 19:43:00,2014-04-01 19:58:00,33.28,V-1049,30
835,2014-04-01 19:45:00,2014-04-01 19:59:00,64.4,V-1049,117
836,2014-04-01 19:46:00,2014-04-01 20:16:00,43.67,V-1049,44
837,2014-04-01 19:47:00,2014-04-01 20:04:00,28.05,V-1049,4
838,2014-04-01 19:47:00,2014-04-01 19:52:00,11.23,V-1049,71
839,2014-04-01 19:50:00,2014-04-01 20:13:00,56.99,V-1049,69
840,2014-04-01 19:50:00,2014-04-01 20:31:00,20.88,V-1049,112
841,2014-04-01 19:50:00,2014-04-01 19:58:00,32.06,V-1049,14
842,2014-04-01 19:50:00,2014-04-01 20:33:00,35.15,V-1049,103
843,2014-04-01 19:51:00,2014-04-01 20:10:00,59.36,V-1049,40
844,2014-04-01 19:52:00,2014-04-01 20:15:00,38.72,V-1049,42
845,2014-04-01 19:52:00,2014-04-01 20:24:00,8.1,V-1049,23
846,2014-04-01 19:53:00,2014-04-01 20:14:00,37.09,V-1049,16
847,2014-04-01 19:53:00,2014-04-01 20:27:00,40.53,V-1049,65
848,2014-04-01 19:54:00,2014-04-01 20:14:00,37.46,V-1049,61
849,2014-04-01 19:54:00,2014-04-01 20:12:00,37.85,V-1049,10
850,2014-04-01 19:55:00,2014-04-01 20:38:00,57.52,V-1049,52
851,2014-04-01 19:56:00,2014-04-01 20:10:00,52.88,V-1049,70
852,2014-04-01 19:56:00,2014-04-01 20:16:00,33.26,V-1049,81
853,2014-04-01 19:57:00,2014-04-01 20:04:00,37.57,V-1049,107
854,2014-04-01 19:57:00,2014-04-01 20:06:00,41.68,V-1049,81
855,2014-04-01 19:58:00,2014-04-01 20:43:00,23.16,V-1049,103
856,2014-04-01 19:59:00,2014-04-01 20:19:00,45.73,V-1049,79
857,2014-04-01 20:00:00,2014-04-01 20:33:00,12.17,V-1049,95
858,2014-04-01 20:01:00,2014-04-01 20:27:00,21.91,V-1049,44
859,2014-04-01 20:01:00,2014-04-01 20:27:00,11.91,V-1049,61
860,2014-04-01 20:04:00,2014-04-01 20:09:00,23.33,V-1049,74
861,2014-04-01 20:05:00,2014-04-01 20:20:00,61.92,V-1049,76
862,2014-04-01 20:05:00,2014-04-01 20:44:00,56.75,V-1049,115
863,2014-04-01 20:06:00,2014-04-01 20:33:00,36.17,V-1049,67
864,2014-04-01 20:06:00,2014-04-01 20:31:00,34.18,V-1049,44
865,2014-04-01 20:08:00,2014-04-01 20:17:00,18.12,V-1049,75
866,2014-04-01 20:09:00,2014-04-01 20:25:00,45.17,V-1049,39
867,2014-04-01 20:09:00,2014-04-01 20:17:00,25.83,V-1049,62
868,2014-04-01 20:10:00,2014-04-01 20:21:00,30.1,V-1049,114
869,2014-04-01 20:11:00,2014-04-01 20:23:00,37.29,V-1049,91
870,2014-04-01 20:11:00,2014-04-01 20:28:00,48.55,V-1049,87
871,2014-04-01 20:12:00,2014-04-01 20:53:00,21.43,V-1049,33
872,2014-04-01 20:14:00,2014-04-01 20:59:00,63.92,V-1049,25
873,2014-04-01 20:15:00,2014-04-01 20:57:00,53.07,V-1049,77
874,2014-04-01 20:16:00,2014-04-01 20:54:00,31.14,V-1049,78
875,2014-04-01 20:17:00,2014-04-01 20:45:00,22.92,V-1049,52
876,2014-04-01 20:17:00,2014-04-01 20:49:00,49.5,V-1049,104
877,2014-04-01 20:18:00,2014-04-01 20:25:00,63.92,V-1049,107
878,2014-04-01 20:20:00,2014-04-01 20:54:00,29.78,V-1049,21
879,2014-04-01 20:45:00,2014-04-01 21:01:00,36.95,V-1049,78
880,2014-04-01 20:45:00,2014-04-01 21:10:00,30.31,V-1049,15
881,2014-04-01 20:45:00,2014-04-01 20:51:00,23.63,V-1049,74
882,2014-04-01 20:46:00,2014-04-01 21:05:00,12.68,V-1049,3
883,2014-04-01 20:46:00,2014-04-01 20:52:00,45.31,V-1049,99
884,2014-04-01 20:46:00,2014-04-01 21:00:00,44.89,V-1049,114
885,2014-04-01 20:47:00,2014-04-01 21:01:00,60.7,V-1049,16
886,2014-04-01 20:47:00,2014-04-01 20:59:00,33.22,V-1049,54
887,2014-04-01 20:47:00,2014-04-01 21:00:00,56.65,V-1049,29
888,2014-04-01 20:48:00,2014-04-01 20:55:00,18.85,V-1049,44
889,2014-04-01 20:48:00,2014-04-01 20:54:00,9.19,V-1049,78
890,2014-04-01 20:48:00,2014-04-01 21:02:00,57.64,V-1049,64
891,2014-04-01 20:49:00,2014-04-01 21:03:00,36.07,V-1049,93
892,2014-04-01 20:49:00,2014-04-01 21:31:00,61.94,V-1049,110
893,2014-04-01 20:50:00,2014-04-01 21:34:00,9.0,V-1049,92
894,2014-04-01 20:50:00,2014-04-01 21:22:00,47.26,V-1049,31
895,2014-04-01 20:50:00,2014-04-01 21:09:00,25.93,V-1049,40
896,2014-04-01 20:51:00,2014-04-01 21:01:00,21.1,V-1049,85
897,2014-04-01 20:51:00,2014-04-01 21:20:00,64.86,V-1049,103
898,2014-04-01 20:52:00,2014-04-01 21:14:00,44.35,V-1049,95
899,2014-04-01 20:52:00,2014-04-01 21:21:00,44.7,V-1049,118
900,2014-04-01 20:55:00,2014-04-01 21:37:00,53.41,V-1049,46
901,2014-04-01 20:58:00,2014-04-01 21:18:00,60.66,V-1049,13
902,2014-04-01 20:58:00,2014-04-01 21:40:00,17.39,V-1049,74
903,2014-04-01 20:58:00,2014-04-01 21:41:00,44.28,V-1049,115
904,2014-04-01 20:58:00,2014-04-01 21:04:00,43.3,V-1049,62
905,2014-04-01 20:59:00,2014-04-01 21:36:00,26.19,V-1049,19
906,2014-04-01 20:59:00,2014-04-01 21:18:00,53.59,V-1049,2
907,2014-04-01 21:01:00,2014-04-01 21:31:00,12.93,V-1049,21
908,2014-04-01 21:02:00,2014-04-01 21:33:00,20.78,V-1049,67
909,2014-04-01 21:03:00,2014-04-01 21:32:00,53.25,V-1049,62
910,2014-04-01 21:03:00,2014-04-01 21:26:00,58.47,V-1049,71
911,2014-04-01 21:04:00,2014-04-01 21:16:00,51.27,V-1049,117
912,2014-04-01 21:09:00,2014-04-01 21:31:00,18.1,V-1049,30
913,2014-04-01 21:09:00,2014-04-01 21:48:00,45.58,V-1049,88
914,2014-04-01 21:10:00,2014-04-01 21:45:00,17.07,V-1049,91
915,2014-04-01 21:11:00,2014-04-01 21:46:00,17.09,V-1049,30
916,2014-04-01 21:14:00,2014-04-01 21:54:00,64.86,V-1049,66
917,2014-04-01 21:14:00,2014-04-01 21:32:00,21.69,V-1049,119
918,2014-04-01 21:15:00,2014-04-01 21:26:00,58.0,V-1049,102
919,2014-04-01 21:17:00,2014-04-01 22:01:00,25.68,V-1049,2
920,2014-04-01 21:17:00,2014-04-01 21:59:00,44.18,V-1049,89
921,2014-04-01 21:19:00,2014-04-01 21:56:00,28.73,V-1049,15
922,2014-04-01 21:20:00,2014-04-01 21:44:00,56.5,V-1049,71
923,2014-04-01 21:20:00,2014-04-01 21:26:00,38.96,V-1049,29
924,2014-04-01 21:23:00,2014-04-01 21:44:00,15.82,V-1049,16
925,2014-04-01 21:23:00,2014-04-01 21:59:00,55.76,V-1049,50
926,2014-04-01 21:23:00,2014-04-01 22:05:00,28.8,V-1049,108
927,2014-04-01 21:24:00,2014-04-01 22:03:00,23.7,V-1049,4
928,2014-04-01 21:24:00,2014-04-01 21:58:00,12.69,V-1049,114
929,2014-04-01 21:26:00,2014-04-01 21:37:00,11.19,V-1049,107
930,2014-04-01 21:27:00,2014-04-01 21:50:00,11.84,V-1049,53
931,2014-04-01 21:28:00,2014-04-01 22:09:00,34.04,V-1049,117
932,2014-04-01 21:29:00,2014-04-01 21:45:00,11.9,V-1049,24
933,2014-04-01 21:31:00,2014-04-01 22:03:00,25.01,V-1049,82
934,2014-04-01 21:31:00,2014-04-01 21:51:00,27.35,V-1049,12
935,2014-04-01 21:31:00,2014-04-01 22:14:00,32.07,V-1049,66
936,2014-04-01 21:32:00,2014-04-01 21:42:00,18.36,V-1049,30
937,2014-04-01 21:33:00,2014-04-01 22:11:00,44.5,V-1049,99
938,2014-04-01 21:36:00,2014-04-01 22:00:00,33.26,V-1049,55
939,2014-04-01 21:38:00,2014-04-01 22:01:00,64.26,V-1049,91
940,2014-04-01 21:38:00,2014-04-01 22:08:00,38.88,V-1049,119
941,2014-04-01 21:40:00,2014-04-01 21:46:00,62.88,V-1049,53
942,2014-04-01 21:41:00,2014-04-01 22:10:00,42.67,V-1049,25
943,2014-04-01 21:42:00,2014-04-01 21:50:00,15.05,V-1049,36
944,2014-04-01 21:43:00,2014-04-01 22:16:00,16.63,V-1049,118
945,2014-04-01 21:43:00,2014-04-01 22:28:00,55.7,V-1049,54
946,2014-04-01 21:43:00,2014-04-01 21:48:00,45.51,V-1049,85
947,2014-04-01 21:43:00,2014-04-01 21:55:00,27.28,V-1049,27
948,2014-04-01 21:43:00,2014-04-01 22:17:00,40.29,V-1049,96
949,2014-04-01 21:44:00,2014-04-01 22:26:00,16.88,V-1049,60
950,2014-04-01 21:44:00,2014-04-01 22:28:00,41.76,V-1049,35
951,2014-04-01 21:46:00,2014-04-01 22:16:00,33.23,V-1049,101
952,2014-04-01 21:47:00,2014-04-01 22:02:00,42.96,V-1049,37
953,2014-04-01 21:48:00,2014-04-01 22:25:00,28.87,V-1049,98
954,2014-04-01 21:50:00,2014-04-01 22:33:00,43.11,V-1049,84
955,2014-04-01 21:50:00,2014-04-01 22:19:00,36.72,V-1049,53
956,2014-04-01 21:52:00,2014-04-01 22:18:00,32.41,V-1049,5
957,2014-04-01 21:52:00,2014-04-01 22:05:00,27.1,V-1049,59
958,2014-04-01 21:55:00,2014-04-01 22:18:00,15.07,V-1049,13
959,2014-04-01 21:56:00,2014-04-01 22:41:00,53.86,V-1049,41
960,2014-04-01 21:57:00,2014-04-01 22:13:00,8.83,V-1049,95
961,2014-04-01 21:57:00,2014-04-01 22:29:00,44.92,V-1049,48
962,2014-04-01 21:59:00,2014-04-01 22:14:00,29.52,V-1049,35
963,2014-04-01 22:00:00,2014-04-01 22:17:00,32.8,V-1049,97
964,2014-04-01 22:01:00,2014-04-01 22:09:00,53.05,V-1049,23
965,2014-04-01 22:02:00,2014-04-01 22:13:00,41.71,V-1049,107
966,2014-04-01 22:03:00,2014-04-01 22:16:00,18.55,V-1049,1
967,2014-04-01 22:03:00,2014-04-01 22:47:00,45.82,V-1049,67
968,2014-04-01 22:06:00,2014-04-01 22:43:00,55.36,V-1049,19
969,2014-04-01 22:07:00,2014-04-01 22:37:00,44.83,V-1049,111
970,2014-04-01 22:07:00,2014-04-01 22:38:00,11.41,V-1049,51
971,2014-04-01 22:08:00,2014-04-01 22:36:00,35.67,V-1049,13
972,2014-04-01 22:09:00,2014-04-01 22:24:00,18.35,V-1049,22
973,2014-04-01 22:11:00,2014-04-01 22:38:00,20.97,V-1049,51
974,2014-04-01 22:12:00,2014-04-01 22:33:00,64.05,V-1049,22
975,2014-04-01 22:13:00,2014-04-01 22:25:00,29.25,V-1049,18
976,2014-04-01 22:14:00,2014-04-01 22:51:00,16.46,V-1049,88
977,2014-04-01 22:16:00,2014-04-01 22:55:00,36.35,V-1049,41
978,2014-04-01 22:17:00,2014-04-01 22:47:00,56.75,V-1049,105
979,2014-04-01 22:17:00,2014-04-01 22:50:00,9.94,V-1049,21
980,2014-04-01 22:21:00,2014-04-01 22:48:00,16.83,V-1049,16
981,2014-04-01 22:23:00,2014-04-01 22:47:00,44.7,V-1049,36
982,2014-04-01 22:26:00,2014-04-01 22:50:00,41.38,V-1049,119
983,2014-04-01 22:30:00,2014-04-01 23:07:00,36.65,V-1049,73
984,2014-04-01 22:35:00,2014-04-01 22:59:00,64.13,V-1049,52
985,2014-04-01 22:35:00,2014-04-01 23:07:00,27.66,V-1049,89
986,2014-04-01 22:42:00,2014-04-01 22:52:00,63.57,V-1049,79
987,2014-04-01 22:42:00,2014-04-01 23:02:00,39.23,V-1049,25
988,2014-04-01 22:42:00,2014-04-01 23:18:00,64.22,V-1049,44
989,2014-04-01 22:44:00,2014-04-01 22:57:00,59.6,V-1049,4
990,2014-04-01 22:45:00,2014-04-01 22:58:00,53.76,V-1049,25
991,2014-04-01 22:45:00,2014-04-01 23:29:00,20.07,V-1049,72
992,2014-04-01 22:47:00,2014-04-01 23:25:00,14.46,V-1049,105
993,2014-04-01 22:47:00,2014-04-01 23:20:00,63.22,V-1049,39
994,2014-04-01 22:49:00,2014-04-01 23:09:00,45.87,V-1049,22
995,2014-04-01 22:57:00,2014-04-01 23:27:00,45.06,V-1049,37
996,2014-04-01 22:57:00,2014-04-01 23:29:00,14.24,V-1049,49
997,2014-04-01 23:00:00,2014-04-01 23:26:00,21.73,V-1049,100
998,2014-04-01 23:01:00,2014-04-01 23:44:00,45.16,V-1049,39
999,2014-04-01 23:01:00,2014-04-01 23:14:00,16.04,V-1049,34
1000,2014-04-01 23:01:00,2014-04-01 23:17:00,33.31,V-1049,43
